species,Size cm
Acanthuridae,
Acanthurus chirurgus,34
Acanthurus coeruleus,36
Acanthurus guttatus,26
Acanthurus pyroferus,29
Acanthurus sohal,40
Acanthurus tractus,35
Naso lituratus,45
Zebrasoma desjardinii,40
Zebrasoma flavescens,20
Zebrasoma scopas,22
Zebrasoma velifer,40
Zebrasoma xanthurum,22
Achiridae,
Achirus achirus,37
Achirus declivis,18
Achirus lineatus,23
Apionichthys dumerili,15
Gymnachirus melas,20
Gymnachirus nudus,20
Gymnachirus texae,15
Trinectes inscriptus,15
Trinectes maculatus,21.2
Trinectes microphthalmus,9
Trinectes paulistanus,18
Acipenseridae,
Acipenser brevirostrum,143
Acipenser oxyrinchus,403
Scaphirhynchus albus,168
Acropomatidae,
Synagrops bellus,46
Synagrops pseudomicrolepis,18
Synagrops spinosus,16.5
Synagrops trispinosus,13.7
Verilus sordidus,46
Aetobatidae,
Aetobatus narinari,230
Albulidae,
Albula goreensis,42
Albula nemoptera,60
Albula vulpes,77
Alopiidae,
Alopias superciliosus,484
Alopias vulpinus,575
Ammodytidae,
Protammodytes sarisa,12
Anablepidae,
Anableps anableps,30
Anableps microlepis,32
Anacanthobatidae,
Schroederobatis americana,38
Springeria folirostris,62
Springeria longirostris,78
Anguillidae,
Anguilla rostrata,150
Anomalopidae,
Kryptophanaron alfredi,13.8
Antennariidae,
Antennarius multiocellatus,14.3
Antennarius pauciradiatus,5.6
Antennarius scaber,21
Antennatus bermudensis,7.7
Fowlerichthys ocellatus,42
Fowlerichthys radiosus,25
Histrio histrio,20
Apogonidae,
Apogon aurolineatus,6.5
Apogon binotatus,15
Apogon gouldi,10.4
Apogon lachneri,6.5
Apogon leptocaulus,6
Apogon maculatus,11.1
Apogon mosavi,4.3
Apogon phenax,8.1
Apogon pillionatus,6.5
Apogon planifrons,10.5
Apogon pseudomaculatus,11
Apogon quadrisquamatus,7.8
Apogon robbyi,4.8
Apogon robinsi,10.1
Apogon townsendi,8.5
Astrapogon alutus,6.5
Astrapogon puncticulatus,10
Astrapogon stellatus,8
Paroncheilus affinis,11
Phaeoptyx conklini,9
Phaeoptyx pigmentaria,8
Phaeoptyx xenus,7.5
Zapogon evermanni,15
Argentinidae,
Argentina striata,21
Glossanodon pygmaeus,12.8
Arhynchobatidae,
Pseudoraja fischeri,58
Ariidae,
Ariopsis assimilis,35
Ariopsis canteri,60
Ariopsis felis,70
Bagre bagre,55
Bagre marinus,69
Cathorops aguadulce,29
Cathorops arenatus,22.8
Cathorops belizensis,32
Cathorops higuchii,35
Cathorops kailolae,35
Cathorops mapale,30.6
Cathorops melanopus,30
Cathorops nuchalis,30
Cathorops wayuu,39.5
Notarius grandicassis,90
Notarius neogranatensis,36.2
Notarius phrygiatus,30
Notarius quadriscutis,50
Notarius rugispinis,45
Sciades couma,100
Sciades herzbergii,55
Sciades parkeri,190
Sciades passany,100
Sciades proops,100
Ariommatidae,
Ariomma bondi,30
Ariomma melanum,25
Ariomma regulus,20
Aspredinidae,
Aspredinichthys filamentosus,22
Aspredo aspredo,40
Platystacus cotylephorus,20
Atherinidae,
Alepidomus evermanni,6.2
Atherina harringtonensis,10
Atherinomorus stipes,10
Atherinopsidae,
Atherinella alvarezi,9.8
Atherinella beani,10
Atherinella blackburni,13
Atherinella brasiliensis,16
Atherinella chagresi,11.5
Atherinella milleri,14
Atherinella robbersi,7.5
Atherinella schultzi,9.7
Atherinella species A,12.5
Melanorhinus microps,9.3
Membras analis,7.2
Membras argentea,5.7
Membras martinica,15
Membras species A,6
Menidia beryllina,10
Menidia clarkhubbsi,10
Menidia colei,5.8
Menidia conchorum,6.1
Menidia menidia,17.8
Menidia peninsulae,18.3
Menidia species A,5.2
Auchenipteridae,
Pseudauchenipterus nodosus,30
Aulopidae,
Aulopus filamentosus,51
Aulostomidae,
Aulostomus maculatus,100
Balistidae,
Balistes capriscus,63
Balistes vetula,50
Balistoides conspicillum,50
Canthidermis maculata,50
Canthidermis sufflamen,65
Melichthys niger,50
Rhinecanthus aculeatus,30
Rhinecanthus verrucosus,23
Xanthichthys ringens,25
Batrachoididae,
Amphichthys cryptocentrus,34
Batrachoides gilberti,27
Batrachoides manglae,30
Batrachoides surinamensis,57
Opsanus beta,38
Opsanus dichrostomus,15
Opsanus pardus,39
Opsanus phobetron,21.5
Opsanus tau,47.4
Porichthys bathoiketes,16
Porichthys oculofrenum,11
Porichthys pauciradiatus,7.4
Porichthys plectrodon,29
Sanopus astrifer,27.8
Sanopus barbatus,41
Sanopus greenfieldorum,31
Sanopus johnsoni,30
Sanopus reticulatus,42
Sanopus splendidus,29
Thalassophryne maculosa,18
Thalassophryne megalops,7.8
Thalassophryne nattereri,17.5
Vladichthys gloverensis,6.8
Belonidae,
Ablennes hians,120
Platybelone argalus argalus,50
Strongylura marina,73
Strongylura notata,45
Strongylura timucu,46
Tylosurus acus acus,140
Tylosurus crocodilus crocodilus,125
Berycidae,
Beryx decadactylus,82
Beryx splendens,70
Blenniidae,
Chasmodes bosquianus,15
Chasmodes longimaxilla,9.4
Chasmodes saburrae,9.2
Entomacrodus nigricans,10
Hypleurochilus bermudensis,12
Hypleurochilus caudovittatus,7
Hypleurochilus geminatus,10.5
Hypleurochilus multifilis,10
Hypleurochilus pseudoaequipinnis,7.5
Hypleurochilus springeri,6.4
Hypsoblennius exstochilus,6.3
Hypsoblennius hentz,12
Hypsoblennius invemar,5.8
Hypsoblennius ionthas,8.4
Lupinoblennius nicholsi,6
Lupinoblennius vinctus,3.7
Omobranchus punctatus,11.3
Ophioblennius macclurei,12.5
Parablennius marmoreus,10.8
Scartella cristata,10
Bothidae,
Bothus lunatus,45
Bothus maculiferus,25
Bothus ocellatus,16
Bothus robinsi,25
Chascanopsetta danae,32.8
Chascanopsetta lugubris,35
Engyophrys senta,10
Monolene atrimana,11
Monolene megalepis,10
Monolene sessilicauda,18
Trichopsetta caribbaea,20
Trichopsetta melasma,30
Trichopsetta orbisulcus,20
Trichopsetta ventralis,20
Bramidae,
Brama brama,100
Brama caribbea,25
Brama dussumieri,19
Eumegistus brevorti,68
Pteraclis carolinus,35
Pterycombus brama,46
Taractes rubescens,80
Taractichthys longipinnis,130
Bregmacerotidae,
Bregmaceros atlanticus,6.7
Bregmaceros cantori,6.6
Bregmaceros houdei,1.8
Bythitidae,
Calamopteryx goslinei,7.3
Calamopteryx robinsorum,5
Grammonus claudei,10
Lucifuga lucayana,10.8
Lucifuga simile,8
Lucifuga spelaeotes,18
Parasaccogaster melanomycter,7.2
Stygnobrotula latebricola,8
Callionymidae,
Callionymus bairdi,11.4
Diplogrammus pauciradiatus,7.5
Foetorepus agassizii,25
Foetorepus dagmarae,22.5
Foetorepus goodenbeani,30
Caproidae,
Antigonia capros,30.5
Antigonia combatia,15
Carangidae,
Alectis ciliaris,150
Caranx bartholomaei,100
Caranx crysos,76
Caranx hippos,124
Caranx latus,101
Caranx lugubris,100
Caranx ruber,69
Chloroscombrus chrysurus,33.5
Decapterus macarellus,44
Decapterus punctatus,36
Decapterus tabl,51
Elagatis bipinnulata,180
Gnathanodon speciosus,120
Hemicaranx amblyrhynchus,50
Naucrates ductor,70
Oligoplites palometa,50
Oligoplites saliens,50
Oligoplites saurus saurus,35
Pseudocaranx dentex,122
Selar crumenophthalmus,30
Selene brownii,29
Selene setapinnis,46.5
Selene vomer,48.3
Seriola dumerili,190
Seriola fasciata,79
Seriola rivoliana,160
Seriola zonata,78
Trachinotus carolinus,64
Trachinotus cayennensis,56
Trachinotus falcatus,149
Trachinotus goodei,50.6
Trachurus lathami,40
Uraspis secunda,50
Carapidae,
Carapus bermudensis,20
Echiodon dawsoni,11.2
Carcharhinidae,
Carcharhinus acronotus,137
Carcharhinus altimus,300
Carcharhinus brachyurus,295
Carcharhinus brevipinna,278
Carcharhinus falciformis,330
Carcharhinus galapagensis,370
Carcharhinus isodon,160
Carcharhinus leucas,340
Carcharhinus limbatus,255
Carcharhinus longimanus,350
Carcharhinus obscurus,365
Carcharhinus perezii,295
Carcharhinus plumbeus,240
Carcharhinus porosus,137
Carcharhinus signatus,280
Galeocerdo cuvier,550
Isogomphodon oxyrhynchus,160
Negaprion brevirostris,368
Prionace glauca,383
Rhizoprionodon lalandii,79
Rhizoprionodon porosus,110
Rhizoprionodon terraenovae,110
Centriscidae,
Macroramphosus gracilis,15
Macroramphosus scolopax,23
Centrolophidae,
Hyperoglyphe bythites,60
Hyperoglyphe perciformis,91
Schedophilus ovalis,100
Schedophilus pemarco,50
Centrophoridae,
Centrophorus granulosus,110
Centrophorus squamosus,164
Centrophorus tessellatus,89
Deania calcea,122
Deania profundorum,104
Centropomidae,
Centropomus ensiferus,35
Centropomus mexicanus,60
Centropomus parallelus,63
Centropomus pectinatus,56
Centropomus poeyi,90
Centropomus undecimalis,140
Cetorhinidae,
Cetorhinus maximus,1000
Chaenopsidae,
Acanthemblemaria aceroi,4.5
Acanthemblemaria aspera,4
Acanthemblemaria betinensis,5.4
Acanthemblemaria chaplini,4.5
Acanthemblemaria greenfieldi,4
Acanthemblemaria harpeza,3.3
Acanthemblemaria johnsoni,3.1
Acanthemblemaria maria,5.2
Acanthemblemaria medusa,4
Acanthemblemaria paula,2.5
Acanthemblemaria rivasi,3.5
Acanthemblemaria spinosa,3.5
Chaenopsis limbaughi,8.2
Chaenopsis megalops,11
Chaenopsis ocellata,12.3
Chaenopsis resh,13
Chaenopsis roseola,4.8
Chaenopsis stephensi,5
Coralliozetus cardonae,2.5
Ekemblemaria nigra,7.1
Emblemaria atlantica,7.5
Emblemaria australis,3.1
Emblemaria biocellata,4.8
Emblemaria caldwelli,3.1
Emblemaria caycedoi,4.4
Emblemaria culmenis,6
Emblemaria diphyodontis,7
Emblemaria hyltoni,2.6
Emblemaria pandionis,7
Emblemaria piratula,5
Emblemaria vitta,2.1
Emblemariopsis bahamensis,3
Emblemariopsis bottomei,3
Emblemariopsis carib,2
Emblemariopsis dianae,2.5
Emblemariopsis diaphana,3
Emblemariopsis falcon,3.6
Emblemariopsis lancea,3
Emblemariopsis leptocirris,2.6
Emblemariopsis occidentalis,2.3
Emblemariopsis pricei,3.2
Emblemariopsis randalli,3.8
Emblemariopsis ruetzleri,2.2
Emblemariopsis tayrona,3.6
Hemiemblemaria simula,11.3
Lucayablennius zingaro,5.7
Protemblemaria punctata,5.1
Stathmonotus gymnodermis,4
Stathmonotus hemphillii,5
Stathmonotus stahli,4
Stathmonotus tekla,4
Chaetodontidae,
Chaetodon capistratus,15
Chaetodon lunula,20
Chaetodon ocellatus,20
Chaetodon sedentarius,18
Chaetodon striatus,20
Heniochus diphreutes,21
Heniochus intermedius,20
Heniochus monoceros,25
Prognathodes aculeatus,9.5
Prognathodes aya,17
Prognathodes guyanensis,15
Characidae,
Astyanax aeneus,14
Chaunacidae,
Chaunacops roseus,15
Chaunax pictus,40
Chaunax stigmaeus,28
Chaunax suttkusi,30
Chimaeridae,
Chimaera bahamaensis,88
Chimaera cubana,80
Hydrolagus alberti,100
Hydrolagus mirabilis,84
Chlamydoselachidae,
Chlamydoselachus anguineus,196
Chlopsidae,
Catesbya pseudomuraena,14
Chilorhinus suensonii,21
Chlopsis bicolor,23.5
Chlopsis dentatus,20
Kaupichthys hyoproroides,15
Kaupichthys nuchalis,16.3
Robinsia catherinae,20
Chlorophthalmidae,
Chlorophthalmus agassizi,23
Chlorophthalmus brasiliensis,20
Parasudis truculenta,25
Cichlidae,
Hemichromis letourneuxi,15
Herichthys cyanoguttatus,33
Mayaheros urophthalmus,38
Nandopsis haitiensis,15
Nandopsis tetracanthus,24
Oreochromis aureus,50.8
Oreochromis mossambicus,50
Oreochromis niloticus niloticus,60
Oreochromis urolepis,29
Sarotherodon melanotheron,35
Tilapia mariae,42
Tilapia rendalli,45
Tilapia zillii,47
Vieja maculicauda,30
Vieja melanura,40
Cirrhitidae,
Amblycirrhitus pinos,9.5
Clupeidae,
Alosa aestivalis,47
Alosa alabamae,61
Alosa chrysochloris,60
Alosa sapidissima,76
Brevoortia gunteri,33
Brevoortia patronus,35
Brevoortia smithi,42
Brevoortia tyrannus,60
Dorosoma cepedianum,50
Dorosoma petenense,23
Etrumeus sadina,30
Harengula clupeola,21
Harengula humeralis,26.5
Harengula jaguana,27.5
Jenkinsia lamprotaenia,8.3
Jenkinsia majua,7.3
Jenkinsia parvula,7.1
Jenkinsia stolifera,7.5
Lile piquitinga,15
Opisthonema oglinum,48
Rhinosardinia amazonica,10.3
Sardinella aurita,35.5
Congridae,
Ariosoma anale,36.3
Ariosoma balearicum,33.6
Ariosoma selenops,58
Bathycongrus bullisi,60.6
Bathycongrus dubius,45
Bathycongrus polyporus,43
Bathycongrus thysanochilus,30
Bathycongrus vicinalis,47
Bathyuroconger vicinus,880
Conger esculentus,160
Conger oceanicus,200
Conger triporiceps,100
Gnathophis bathytopos,40
Gnathophis bracheatopos,35.2
Heteroconger camelopardalis,50
Heteroconger longissimus,51
Heteroconger luteolus,50
Japonoconger caribbeus,50
Paraconger caudilimbatus,50
Pseudophichthys splendens,40
Rhynchoconger flavus,200
Rhynchoconger gracilior,61
Rhynchoconger guppyi,100
Uroconger syringinus,38
Coryphaenidae,
Coryphaena equiselis,86
Coryphaena hippurus,230
Crurirajidae,
Cruriraja atlantis,34
Cruriraja cadenati,39
Cruriraja poeyi,35
Cruriraja rugosa,49
Cynoglossidae,
Symphurus arawak,6
Symphurus billykrietei,12.5
Symphurus caribbeanus,14
Symphurus civitatium,16
Symphurus diomedeanus,22
Symphurus hernandezi,12.7
Symphurus marginatus,15.5
Symphurus minor,8.5
Symphurus nebulosus,9
Symphurus oculellus,20
Symphurus ommaspilus,6.2
Symphurus parvus,9.7
Symphurus pelicanus,9
Symphurus piger,14
Symphurus plagiusa,23
Symphurus plagusia,14
Symphurus pusillus,8.9
Symphurus rhytisma,5
Symphurus stigmosus,13
Symphurus tessellatus,23
Symphurus urospilus,18
Cynolebiidae,
Rivulus garciai,3.3
Rivulus hartii,10
Rivulus marmoratus,6
Cyprinodontidae,
Cubanichthys cubensis,8
Cyprinodon artifrons,4.9
Cyprinodon dearborni,6.1
Cyprinodon laciniatus,6.6
Cyprinodon variegatus,10
Floridichthys carpio,11.3
Floridichthys polyommus,11.6
Jordanella floridae,3.9
Jordanella pulchra,4.5
Dactylopteridae,
Dactylopterus volitans,45
Dactyloscopidae,
Dactylagnus peratikos,7.2
Dactyloscopus boehlkei,6.3
Dactyloscopus comptus,4.5
Dactyloscopus crossotus,7.5
Dactyloscopus foraminosus,8
Dactyloscopus moorei,8.6
Dactyloscopus poeyi,6
Dactyloscopus tridigitatus,8.5
Gillellus greyae,9.8
Gillellus healae,6.3
Gillellus inescatus,2.8
Gillellus jacksoni,2.9
Gillellus uranidea,4.5
Leurochilus acon,3.6
Myxodagnus belone,6.3
Platygillellus rubrocinctus,4.8
Platygillellus smithi,4.8
Dalatiidae,
Dalatias licha,180
Isistius brasiliensis,50
Isistius plutodus,42
Mollisquama species A,40
Squaliolus laticaudus,28
Dasyatidae,
Bathytoshia centroura,260
Fontitrygon geijskesi,150
Hypanus americanus,150
Hypanus guttatus,200
Hypanus sabinus,45
Hypanus say,78
Pteroplatytrygon violacea,163
Dinematichthyidae,
Alionematichthys minyomma,8.2
Gunterichthys longipenis,7.5
Ogilbia boehlkei,7.8
Ogilbia cayorum,7
Ogilbia jeffwilliamsi,6.8
Ogilbia mccoskeri,7.2
Ogilbia sabaji,5.8
Ogilbia species A,7
Ogilbia species B,6.4
Ogilbia suarezae,8.6
Ogilbia tyleri,5.7
Ogilbichthys ferocis,3.5
Ogilbichthys haitiensis,2.3
Ogilbichthys kakuki,7.9
Ogilbichthys longimanus,8.7
Ogilbichthys microphthalmus,4.5
Ogilbichthys puertoricoensis,4
Ogilbichthys tobagoensis,3.3
Pseudogilbia sanblasensis,7.5
Diodontidae,
Chilomycterus antennatus,30
Chilomycterus antillarum,30
Chilomycterus reticulatus,75
Chilomycterus schoepfii,33
Chilomycterus spinosus spinosus,25
Diodon eydouxii,30
Diodon holocanthus,60
Diodon hystrix,91
Draconettidae,
Centrodraco acanthopoma,14
Echeneidae,
Echeneis naucrates,100
Echeneis neucratoides,75
Phtheirichthys lineatus,56
Remora albescens,30
Remora australis,76
Remora brachyptera,40
Remora osteochir,40
Remora remora,86
Echinorhinidae,
Echinorhinus brucus,310
Eleotridae,
Butis koilomatodon,10.7
Dormitator maculatus,13.6
Eleotris amblyopsis,8.3
Eleotris perniger,10
Eleotris picta,53
Eleotris pisonis,25
Erotelis smaragdus,20
Gobiomorus dormitor,60
Guavina guavina,30
Leptophilypnus fluviatilis,7
Elopidae,
Elops saurus,91
Elops smithi,91
Emmelichthyidae,
Emmelichthys ruber,30
Erythrocles monodi,65
Engraulidae,
Anchoa cayorum,9
Anchoa choerostoma,12.6
Anchoa colonensis,12.5
Anchoa cubana,10
Anchoa filifera,12
Anchoa hepsetus,8
Anchoa januaria,8
Anchoa lamprotaenia,12
Anchoa lyolepis,12
Anchoa mitchilli,10
Anchoa parva,8
Anchoa spinifer,26
Anchoa trinitatis,14
Anchovia clupeoides,30
Anchovia surinamensis,15
Anchoviella blackburni,4
Anchoviella brevirostris,9
Anchoviella elongata,11
Anchoviella guianensis,9
Anchoviella lepidentostole,11
Anchoviella perfasciata,11
Cetengraulis edentulus,17
Engraulis eurystole,12
Lycengraulis batesii,30
Lycengraulis grossidens,26
Lycengraulis limnichthys,19
Pterengraulis atherinoides,30
Ephippidae,
Chaetodipterus faber,100
Platax orbicularis,50
Etmopteridae,
Centroscyllium fabricii,107
Etmopterus bigelowi,73
Etmopterus bullisi,30.3
Etmopterus carteri,21
Etmopterus gracilispinis,33
Etmopterus hillianus,29.5
Etmopterus perryi,21.2
Etmopterus pusillus,50
Etmopterus robinsi,34
Etmopterus schultzi,30
Etmopterus virens,26
Exocoetidae,
Cheilopogon cyanopterus,41
Cheilopogon exsiliens,30
Cheilopogon furcatus,33
Cheilopogon heterurus,45
Cheilopogon melanurus,33
Cypselurus comatus,30
Exocoetus obtusirostris,25
Exocoetus volitans,24
Hirundichthys affinis,29
Hirundichthys rondeletii,32
Hirundichthys speculiger,31
Parexocoetus hillianus,15.5
Prognichthys glaphyrae,25
Prognichthys occidentalis,23
Fistulariidae,
Fistularia petimba,200
Fistularia tabacaria,200
Fundulidae,
Fundulus bermudae,9
Fundulus chrysotus,8.5
Fundulus confluentus,8
Fundulus grandis,18
Fundulus grandissimus,20
Fundulus jenkinsi,6.5
Fundulus majalis,15
Fundulus persimilis,15
Fundulus pulvereus,7.5
Fundulus relictus,10.6
Fundulus saguanus,8
Fundulus seminolis,16
Fundulus similis,15
Fundulus xenicus,6
Lucania parva,7
Gadidae,
Enchelyopus cimbrius,41
Phycis chesteri,40
Urophycis cirrata,66
Urophycis earllii,45
Urophycis floridana,35
Urophycis regia,35
Gempylidae,
Diplospinus multistriatus,36
Epinnula magistralis,124
Gempylus serpens,125
Lepidocybium flavobrunneum,220
Nealotus tripes,30
Neoepinnula americana,26
Nesiarchus nasutus,145
Promethichthys prometheus,114
Ruvettus pretiosus,305
Gerreidae,
Diapterus auratus,34
Diapterus rhombeus,40
Eucinostomus argenteus,20
Eucinostomus gula,22.7
Eucinostomus harengulus,15
Eucinostomus havana,18
Eucinostomus jonesii,20
Eucinostomus lefroyi,23
Eucinostomus melanopterus,19.3
Eugerres awlae,34
Eugerres brasilianus,40
Eugerres plumieri,40
Gerres cinereus,41
Ginglymostomatidae,
Ginglymostoma cirratum,300
Gobiesocidae,
Acyrtops amplicirrus,1.9
Acyrtops beryllinus,2.5
Acyrtus artius,3.3
Acyrtus lanthanum,3.4
Acyrtus rubiginosus,3.6
Arcos nudus,9
Derilissus altifrons,2.1
Derilissus kremnobates,3.1
Derilissus lombardii,1.5
Derilissus nanus,1.7
Derilissus vittiger,2.1
Gobiesox barbatulus,5.4
Gobiesox cephalus,15
Gobiesox lucayanus,6
Gobiesox nigripinnis,6.2
Gobiesox punctulatus,6.4
Gobiesox strumosus,8
Gymnoscyphus ascitus,3.5
Tomicodon briggsi,2.1
Tomicodon clarkei,1.7
Tomicodon cryptus,2
Tomicodon fasciatus,3.6
Tomicodon lavettsmithi,3.2
Tomicodon leurodiscus,2.3
Tomicodon reitzae,4.1
Tomicodon rhabdotus,5
Tomicodon rupestris,3.4
Gobiidae,
Akko dionaea,8.3
Antilligobius nikkiae,4.3
Awaous banana,37
Awaous flavus,11
Barbulifer antennatus,2.5
Barbulifer ceuthoecus,3
Bathygobius antilliensis,7.5
Bathygobius curacao,7.5
Bathygobius geminatus,4.7
Bathygobius lacertus,9
Bathygobius mystacium,7
Bathygobius soporator,15
Bollmannia boqueronensis,10
Bollmannia communis,10
Bollmannia eigenmanni,10
Bollmannia litura,7
Carrigobius amblyrhynchus,4.4
Cerdale floridana,9
Chriolepis fisheri,2.2
Chriolepis roosevelti,2.5
Coryphopterus alloides,4
Coryphopterus curasub,4.2
Coryphopterus dicrus,5
Coryphopterus eidolon,6
Coryphopterus glaucofraenum,8
Coryphopterus hyalinus,4
Coryphopterus kuna,2.5
Coryphopterus lipernes,3
Coryphopterus personatus,4
Coryphopterus punctipectophorus,7.5
Coryphopterus thrix,5
Coryphopterus tortugae,6.2
Coryphopterus venezuelae,7.5
Cryptopsilotris batrachodes,1.8
Ctenogobius boleosoma,10.5
Ctenogobius claytonii,7.9
Ctenogobius fasciatus,9.3
Ctenogobius phenacus,3.2
Ctenogobius pseudofasciatus,5.8
Ctenogobius saepepallens,5
Ctenogobius shufeldti,10.7
Ctenogobius smaragdus,15
Ctenogobius stigmaticus,9.6
Ctenogobius stigmaturus,6.5
Elacatinus atronasus,5
Elacatinus cayman,2.8
Elacatinus centralis,5
Elacatinus chancei,5
Elacatinus colini,3.2
Elacatinus evelynae,4
Elacatinus genie,4.5
Elacatinus horsti,5
Elacatinus illecebrosus,4
Elacatinus jarocho,3.5
Elacatinus lobeli,3.6
Elacatinus lori,5
Elacatinus louisae,3.8
Elacatinus oceanops,5
Elacatinus prochilos,4
Elacatinus randalli,4.6
Elacatinus serranilla,4
Elacatinus species N,4
Elacatinus species P,4
Elacatinus tenox,3
Elacatinus xanthiprora,4
Evermannichthys bicolor,3.1
Evermannichthys convictor,1.8
Evermannichthys metzelaari,2.4
Evermannichthys silus,2.2
Evermannichthys spongicola,3
Evorthodus lyricus,15
Ginsburgellus novemlineatus,2.5
Gnatholepis thompsoni,8.2
Gobioides broussonnetii,55.7
Gobionellus oceanicus,30
Gobiosoma bosc,6
Gobiosoma ginsburgi,6
Gobiosoma grosvenori,3
Gobiosoma hildebrandi,4.6
Gobiosoma longipala,5
Gobiosoma nudum,4.5
Gobiosoma robustum,5
Gobiosoma schultzi,2.7
Gobiosoma spes,4.1
Gobiosoma spilotum,2.7
Gobiosoma yucatanum,2.6
Gobulus myersi,15
Lophogobius cyprinoides,10
Lythrypnus crocodilus,1.5
Lythrypnus elasson,2
Lythrypnus heterochroma,2.5
Lythrypnus minimus,1.5
Lythrypnus mowbrayi,2.5
Lythrypnus nesiotes,1.9
Lythrypnus okapia,1.7
Lythrypnus phorellus,1.8
Lythrypnus species 3,2.1
Lythrypnus spilus,2.5
Microdesmus bahianus,5.3
Microdesmus carri,5.9
Microdesmus lanceolatus,6
Microdesmus longipinnis,27
Microdesmus luscus,4.8
Microgobius carri,7.5
Microgobius gulosus,7.5
Microgobius meeki,5.5
Microgobius microlepis,5
Microgobius signatus,6
Microgobius thalassinus,6
Nes longus,10
Oxyurichthys stigmalophius,16.5
Paedovaricus imswe,1.7
Palatogobius grandoculus,4.5
Palatogobius incendius,2.7
Palatogobius paradoxus,3.5
Pariah scotius,2.6
Parrella macropteryx,6.2
Pinnichthys aimoriensis,2.9
Pinnichthys bilix,4
Pinnichthys prolata,3.1
Pinnichthys saurimimica,6.7
Priolepis dawsoni,2.6
Priolepis hipoliti,4
Priolepis robinsi,4.3
Psilotris alepis,2.5
Psilotris boehlkei,3.4
Psilotris celsa,4.1
Psilotris kaufmani,3.2
Psilotris laetarii,3
Psilotris laurae,3.6
Psilotris vantasselli,3.3
Ptereleotris calliura,12.5
Ptereleotris helenae,12
Ptereleotris randalli,12.5
Risor ruber,2.5
Robinsichthys arrowsmithensis,2.5
Sicydium buscki,9.5
Tigrigobius dilepis,2.5
Tigrigobius gemmatus,2.5
Tigrigobius harveyi,2.6
Tigrigobius macrodon,5
Tigrigobius multifasciatus,5
Tigrigobius pallens,1.9
Tigrigobius panamensis,2.9
Tigrigobius redimiculus,1.9
Tigrigobius rubrigenis,2.4
Tigrigobius saucrus,1.6
Tigrigobius zebrellus,2
Varicus adamsi,8
Varicus benthonis,3.5
Varicus bucca,4.5
Varicus cephalocellatus,8
Varicus decorum,5.7
Varicus lacerta,4.3
Varicus marilynae,2.9
Varicus nigritus,4.4
Varicus veliguttatus,5.5
Varicus vespa,3.8
Vomerogobius flavus,3
Grammatidae,
Gramma dejongi,4.5
Gramma linki,8
Gramma loreto,8
Gramma melacara,11
Lipogramma anabantoides,2.6
Lipogramma barrettorum,3.6
Lipogramma evides,6
Lipogramma flavescens,3.1
Lipogramma haberorum,5.3
Lipogramma idabeli,3
Lipogramma klayi,4
Lipogramma levinsoni,3.7
Lipogramma regia,2.5
Lipogramma robinsi,2.9
Lipogramma rosea,13
Lipogramma schrieri,7.9
Lipogramma trilineata,3.5
Grammicolepididae,
Grammicolepis brachiusculus,64
Xenolepidichthys dalgleishi,15
Gymnuridae,
Gymnura altavela,260
Gymnura lessae,166
Gymnura micrura,80
Haemulidae,
Anisotremus surinamensis,76
Anisotremus virginicus,40
Brachygenys chrysargyrea,23
Conodon nobilis,30
Emmelichthyops atlanticus,15
Genyatremus cavifrons,37
Haemulon album,79
Haemulon atlanticus,30
Haemulon aurolineatum,25
Haemulon bonariense,40
Haemulon boschmae,20
Haemulon carbonarium,40
Haemulon flavolineatum,30
Haemulon macrostomum,45
Haemulon melanurum,35
Haemulon parra,41.2
Haemulon plumierii,53
Haemulon sciurus,46
Haemulon striatum,28
Haemulon vittatum,22.5
Haemulopsis corvinaeformis,25
Orthopristis chrysoptera,46
Orthopristis scapularis,40
Paranisotremus moricandi,18
Rhonciscus crocro,33
Hemiramphidae,
Chriodorus atherinoides,20.6
Euleptorhamphus velox,61
Hemiramphus balao,40
Hemiramphus bermudensis,44
Hemiramphus brasiliensis,41
Hyporhamphus collettei,25
Hyporhamphus meeki,22
Hyporhamphus roberti,21
Hyporhamphus unifasciatus,27
Oxyporhamphus similis,22.5
Hemiscylliidae,
Chiloscyllium punctatum,132
Heterenchelyidae,
Pythonichthys sanguineus,80
Hexanchidae,
Heptranchias perlo,150
Hexanchus griseus,482
Hexanchus vitulus,180
Holocentridae,
Corniger spinosus,23
Holocentrus adscensionis,45
Holocentrus rufus,44
Myripristis jacobus,25
Neoniphon coruscum,13.5
Neoniphon marianus,22
Neoniphon vexillarium,17.2
Ostichthys trachypoma,22
Plectrypops retrospinis,15
Sargocentron bullisi,16
Sargocentron poco,13
Istiophoridae,
Istiophorus platypterus,360
Kajikia albida,280
Makaira nigricans,500
Tetrapturus georgii,200
Tetrapturus pfluegeri,250
Kyphosidae,
Kyphosus bigibbus,60
Kyphosus cinerascens,45
Kyphosus sectatrix,76
Kyphosus vaigiensis,48
Labridae labrinae,
Bodianus pulchellus,29
Bodianus rufus,50
Clepticus parrae,30
Decodon puellaris,30
Doratonotus megalepis,9.4
Halichoeres bathyphilus,23
Halichoeres bivittatus,22
Halichoeres burekae,9.3
Halichoeres caudalis,20
Halichoeres cyanocephalus,30
Halichoeres garnoti,30
Halichoeres maculipinna,15
Halichoeres pictus,13
Halichoeres poeyi,20
Halichoeres radiatus,51
Halichoeres socialis,5.5
Lachnolaimus maximus,91
Polylepion species A,15
Thalassoma bifasciatum,15
Xyrichtys martinicensis,15
Xyrichtys novacula,25
Xyrichtys splendens,15
Labridae scarinae,
Cryptotomus roseus,13
Nicholsina usta,30
Scarus coelestinus,77
Scarus coeruleus,120
Scarus guacamaia,120
Scarus iseri,27
Scarus taeniopterus,30
Scarus vetula,50
Sparisoma atomarium,15
Sparisoma aurofrenatum,28
Sparisoma axillare,43
Sparisoma chrysopterum,46
Sparisoma griseorubrum,27
Sparisoma radians,20
Sparisoma rubripinne,48
Sparisoma viride,64
Labrisomidae,
Brockius albigenys,6.5
Brockius nigricinctus,6.7
Gobioclinus bucciferus,9
Gobioclinus filamentosus,12
Gobioclinus gobio,6.4
Gobioclinus guppyi,10.8
Gobioclinus haitiensis,7.1
Gobioclinus kalisherae,8.3
Haptoclinus apectolophus,3.1
Haptoclinus dropi,2.6
Labrisomus conditus,22
Labrisomus cricota,16.2
Labrisomus nuchipinnis,22
Malacoctenus aurolineatus,7.5
Malacoctenus boehlkei,6.4
Malacoctenus delalandii,8.2
Malacoctenus erdmani,3.8
Malacoctenus gilli,7.5
Malacoctenus macropus,5.2
Malacoctenus triangulatus,5.8
Malacoctenus versicolor,7.8
Nemaclinus atelestos,3.8
Paraclinus barbatus,5
Paraclinus cingulatus,2.4
Paraclinus fasciatus,6.1
Paraclinus grandicomis,3.8
Paraclinus infrons,2.4
Paraclinus marmoratus,7.8
Paraclinus naeorhegmis,2.8
Paraclinus nigripinnis,5
Starksia atlantica,2.5
Starksia culebrae,3.7
Starksia elongata,3.2
Starksia fasciata,2.7
Starksia greenfieldi,2.5
Starksia guttata,4.6
Starksia hassi,4
Starksia langi,2.3
Starksia lepicoelia,2.8
Starksia leucovitta,3.6
Starksia melasma,2.5
Starksia nanodes,2.2
Starksia occidentalis,3.6
Starksia ocellata,6
Starksia rava,3
Starksia robertsoni,3.5
Starksia sangreyae,2.1
Starksia sella,3.1
Starksia sluiteri,2.5
Starksia smithvanizi,2.3
Starksia species A,2.5
Starksia species B,2.1
Starksia splendens,2.2
Starksia springeri,2.1
Starksia starcki,4
Starksia variabilis,4
Starksia weigti,3.5
Starksia williamsi,3.5
Starksia y-lineata,2.5
Lamnidae,
Carcharodon carcharias,600
Isurus oxyrinchus,396
Isurus paucus,430
Lamna nasus,355
Lamprididae,
Lampris megalopsis,185
Lepisosteidae,
Atractosteus spatula,300
Atractosteus tristoechus,200
Lepisosteus oculatus,109
Lepisosteus osseus,160
Lepisosteus platyrhincus,132
Lobotidae,
Lobotes surinamensis,110
Lophiidae,
Lophiodes beroe,44
Lophiodes monodi,39
Lophiodes reticulatus,30
Lophius americanus,120
Lophius gastrophysus,60
Sladenia shaefersi,101
Lutjanidae,
Apsilus dentatus,65
Etelis oculatus,95
Lutjanus analis,94
Lutjanus apodus,67.2
Lutjanus buccanella,75
Lutjanus campechanus,100
Lutjanus cyanopterus,160
Lutjanus griseus,66
Lutjanus jocu,128
Lutjanus mahogoni,48
Lutjanus purpureus,100
Lutjanus synagris,71
Lutjanus vivanus,84
Ocyurus chrysurus,86.3
Pristipomoides aquilonaris,56
Pristipomoides freemani,23.3
Pristipomoides macrophthalmus,50
Rhomboplites aurorubens,63
Luvaridae,
Luvarus imperialis,200
Malacanthidae,
Caulolatilus bermudensis,41
Caulolatilus chrysops,60
Caulolatilus cyanops,46
Caulolatilus dooleyi,35
Caulolatilus guppyi,35
Caulolatilus intermedius,31
Caulolatilus microps,90
Caulolatilus williamsi,61
Lopholatilus chamaeleonticeps,125
Malacanthus plumieri,60
Megachasmidae,
Megachasma pelagios,710
Megalopidae,
Megalops atlanticus,263
Merlucciidae,
Merluccius albidus,70
Merluccius bilinearis,76
Steindachneria argentea,30
Mitsukurinidae,
Mitsukurina owstoni,617
Mobulidae,
Mobula birostris,700
Mobula hypostoma,125
Mobula mobular,350
Mobula species A,500
Mobula tarapacana,370
Mobula thurstoni,180
Molidae,
Masturus lanceolatus,259
Mola mola,368
Ranzania laevis,200
Monacanthidae,
Aluterus heudelotii,30
Aluterus monoceros,76
Aluterus schoepfii,60
Aluterus scriptus,110
Cantherhines macrocerus,40
Cantherhines pullus,20
Monacanthus ciliatus,12.7
Monacanthus tuckeri,9
Stephanolepis hispidus,18
Stephanolepis setifer,20
Moridae,
Laemonema barbatulum,40
Physiculus fulvus,15
Moringuidae,
Moringua edwardsi,60
Neoconger mucronatus,30
Moronidae,
Morone chrysops,45
Morone mississippiensis,46
Morone saxatilis,200
Mugilidae,
Dajaus monticola,36
Joturus pichardi,61
Mugil cephalus,135
Mugil curema,91
Mugil curvidens,54
Mugil incilis,40
Mugil liza,100
Mugil longicauda,53
Mugil margaritae,34
Mugil rubrioculus,33
Mugil trichodon,30
Mullidae,
Mulloidichthys martinicus,40
Mullus auratus,27
Pseudupeneus maculatus,30
Upeneus parvus,20
Muraenesocidae,
Cynoponticus savanna,200
Muraenidae,
Anarchias similis,20.6
Channomuraena vittata,150
Echidna catenata,71
Enchelycore anatina,120
Enchelycore carychroa,33.5
Enchelycore nigricans,100
Gymnothorax conspersus,110
Gymnothorax funebris,189
Gymnothorax hubbsi,34
Gymnothorax kolpos,93
Gymnothorax maderensis,104
Gymnothorax miliaris,70
Gymnothorax moringa,200
Gymnothorax nigromarginatus,99
Gymnothorax ocellatus,61
Gymnothorax polygonius,84
Gymnothorax saxicola,62
Gymnothorax vicinus,122
Monopenchelys acuta,21
Muraena pavonina,67
Muraena retifera,90
Muraena robusta,186
Uropterygius macularius,29
Myliobatidae,
Myliobatis freminvillii,106
Myliobatis goodei,99
Narcinidae,
Benthobatis marcida,50
Diplobatis colombiensis,17
Diplobatis guamachensis,20
Diplobatis picta,18
Narcine bancroftii,65
Nettastomatidae,
Facciolella species A,63
Hoplunnis diomediana,54.3
Hoplunnis macrura,54.2
Hoplunnis megista,109.5
Hoplunnis similis,49.3
Hoplunnis tenuis,58
Nettastoma melanurum,78
Nettastoma syntresis,55
Nettenchelys exoria,46.7
Nettenchelys inion,42.3
Nettenchelys pygmaea,20.1
Saurenchelys cognita,52
Saurenchelys species A,51.4
Venefica procera,109
Nomeidae,
Cubiceps capensis,126
Cubiceps gracilis,92
Cubiceps pauciradiatus,20
Nomeus gronovii,40
Psenes arafurensis,25
Psenes cyanophrys,20
Psenes pellucidus,80
Odontaspididae,
Carcharias taurus,318
Odontaspis ferox,450
Odontaspis noronhai,427
Ogcocephalidae,
Dibranchus atlanticus,39.4
Halieutichthys aculeatus,8.8
Halieutichthys bispinosus,10.1
Halieutichthys caribbaeus,7.5
Halieutichthys intermedius,8.3
Malthopsis gnoma,7.3
Ogcocephalus corniger,23
Ogcocephalus cubifrons,38
Ogcocephalus declivirostris,16.5
Ogcocephalus nasutus,38
Ogcocephalus notatus,17
Ogcocephalus pantostictus,31
Ogcocephalus parvus,10
Ogcocephalus pumilus,8.3
Ogcocephalus rostellum,19
Zalieutes mcgintyi,10
Ophichthidae,
Ahlia egmontis,47
Aplatophis chauliodus,84
Aprognathodon platyventris,46
Apterichtus ansp,42
Apterichtus kendalli,54.2
Bascanichthys bascanium,79
Bascanichthys gaira,48
Bascanichthys inopinatus,81.3
Bascanichthys scuticaris,77
Callechelys bilinearis,173
Callechelys guineensis,107
Callechelys muraena,60
Callechelys springeri,79.7
Caralophia loxochila,45.6
Echiophis intertinctus,124
Echiophis punctifer,180
Ethadophis akkistikos,31.6
Gordiichthys ergodes,34
Gordiichthys irretitus,79
Gordiichthys leibyi,42.5
Gordiichthys randalli,67
Hyphalophis devius,29
Ichthyapus ophioneus,48
Kertomichthys blastorhinos,42
Letharchus velifer,57.8
Lethogoleos andersoni,31.8
Mixomyrophis pusillipinna,41
Myrichthys breviceps,102
Myrichthys ocellatus,110
Myrophis anterodorsalis,16.1
Myrophis platyrhynchus,20.8
Myrophis plumbeus,47
Myrophis punctatus,35.3
Ophichthus cruentifer,46.7
Ophichthus cylindroideus,93.3
Ophichthus gomesii,91.4
Ophichthus hyposagmatus,38.5
Ophichthus melanoporus,70
Ophichthus menezesi,28
Ophichthus omorgmus,45.3
Ophichthus ophis,210
Ophichthus puncticeps,92.7
Ophichthus rex,211
Ophichthus spinicauda,108
Phaenomonas longissima,56
Pseudomyrophis frio,30.8
Pseudomyrophis fugesae,9.5
Pseudomyrophis nimius,37
Quassiremus ascensionis,71
Ophidiidae,
Brotula barbata,100
Lepophidium aporrhox,19.3
Lepophidium brevibarbe,28
Lepophidium collettei,17
Lepophidium crossotum,17.5
Lepophidium cultratum,33
Lepophidium entomelan,27
Lepophidium gilmorei,18
Lepophidium jeannae,30.5
Lepophidium kallion,17.5
Lepophidium marmoratum,23
Lepophidium pheromystax,28
Lepophidium profundorum,26.5
Lepophidium robustum,24
Lepophidium staurophor,28
Lepophidium wileyi,21.5
Lepophidium zophochir,26
Monomitopus agassizii,19.5
Neobythites elongatus,14.5
Neobythites gilli,15.2
Neobythites marginatus,24
Neobythites monocellatus,17
Neobythites multidigitatus,8.5
Neobythites multiocellatus,15.2
Neobythites unicolor,13.7
Ophidion antipholus,25.1
Ophidion dromio,20.4
Ophidion grayi,30
Ophidion guianense,15.3
Ophidion holbrookii,30
Ophidion josephi,28.4
Ophidion lagochila,7
Ophidion marginatum,25
Ophidion nocomis,8.7
Ophidion selenops,10
Otophidium chickcharney,10.5
Otophidium dormitator,7.5
Otophidium omostigma,13
Parophidion schmidti,10
Petrotyx sanguineus,20
Opistognathidae,
Anoptoplacus pygmaeus,3.1
Lonchopisthus ancistrus,14.7
Lonchopisthus higmani,19.7
Lonchopisthus lemur,11.4
Lonchopisthus micrognathus,17.8
Opistognathus aurifrons,12.7
Opistognathus gilberti,7.5
Opistognathus leprocarus,7.8
Opistognathus lonchurus,15.2
Opistognathus macrognathus,20
Opistognathus maxillosus,15.3
Opistognathus megalepis,5.6
Opistognathus melachasme,9.5
Opistognathus nothus,7.9
Opistognathus robinsi,15.9
Opistognathus schrieri,5.7
Opistognathus signatus,8
Opistognathus whitehursti,7.8
Ostraciidae,
Acanthostracion polygonius,50
Acanthostracion quadricornis,55
Lactophrys bicaudalis,48
Lactophrys trigonus,55
Lactophrys triqueter,30
Oxynotidae,
Oxynotus caribbaeus,55
Paralichthyidae,
Ancylopsetta antillarum,36
Ancylopsetta cycloidea,25
Ancylopsetta dilecta,25
Ancylopsetta kumperae,25
Ancylopsetta microctenus,24
Ancylopsetta ommata,25
Citharichthys abbotti,17.5
Citharichthys amblybregmatus,14
Citharichthys arctifrons,18
Citharichthys arenaceus,20
Citharichthys cornutus,10
Citharichthys dinoceros,15
Citharichthys gymnorhinus,7.5
Citharichthys macrops,20
Citharichthys minutus,5.2
Citharichthys spilopterus,20
Citharichthys uhleri,16.1
Citharichthys valdezi,8.4
Cyclopsetta chittendeni,33
Cyclopsetta fimbriata,33
Etropus crossotus,22
Etropus cyclosquamus,11.5
Etropus delsmani delsmani,6
Etropus rimosus,13
Gastropsetta frontalis,25
Paralichthys albigutta,71
Paralichthys dentatus,94
Paralichthys lethostigma,91.5
Paralichthys oblongus,41
Paralichthys squamilentus,46
Paralichthys tropicus,50
Syacium gunteri,20
Syacium micrurum,30
Syacium papillosum,25
Parazenidae,
Cyttopsis rosea,22
Parazen pacificus,30
Pempheridae,
Pempheris poeyi,15
Pempheris schomburgkii,15
Percophidae,
Bembrops anatirostris,35
Bembrops gobioides,25
Bembrops macromma,21
Bembrops magnisquamis,12
Bembrops ocellatus,22.5
Bembrops quadrisella,26.8
Bembrops raneyi,20
Chrionema squamentum,11
Peristediidae,
Peristedion antillarum,20
Peristedion brevirostre,28
Peristedion ecuadorense,24
Peristedion gracile,20
Peristedion greyae,28
Peristedion imberbe,21
Peristedion longispatha,20
Peristedion miniatum,35
Peristedion species T,19
Peristedion thompsoni,29
Peristedion truncatum,19
Peristedion unicuspis,16
Pimelodidae,
Brachyplatystoma filamentosum,360
Brachyplatystoma vaillantii,150
Hypophthalmus edentatus,57.5
Pimelodus blochii,35
Pleuronectidae,
Poecilopsetta beanii,9
Poecilopsetta inermis,16
Poeciliidae,
Belonesox belizanus,21.7
Brachyrhaphis cascajalensis,7.5
Gambusia affinis,10
Gambusia lemaitrei,4.5
Gambusia luma,5.5
Gambusia manni,6.4
Gambusia nicaraguensis,5
Gambusia punctata,8
Gambusia puncticulata,6.6
Gambusia rhizophorae,5
Gambusia wrayi,6.9
Gambusia xanthosoma,4.4
Gambusia yucatana,6.7
Heterandria formosa,3.9
Limia caymanensis,4
Limia rivasi,3.9
Limia vittata,8
Poecilia gillii,10.5
Poecilia koperi,10
Poecilia latipinna,15
Poecilia mexicana,14.4
Poecilia orri,7.3
Poecilia petenensis,15
Poecilia picta,5
Poecilia reticulata,6.7
Poecilia sphenops,6
Poecilia vandepolli,6
Poecilia velifera,15.2
Poecilia vivipara,7.2
Polymixiidae,
Polymixia lowei,25
Polymixia nobilis,54
Polynemidae,
Polydactylus octonemus,33
Polydactylus oligodon,46
Polydactylus virginicus,33
Polyprionidae,
Polyprion americanus,200
Pomacanthidae,
Centropyge argi,5
Centropyge aurantonotus,5
Holacanthus bermudensis,45
Holacanthus ciliaris,45
Holacanthus tricolor,25
Pomacanthus annularis,45
Pomacanthus arcuatus,60
Pomacanthus asfur,40
Pomacanthus imperator,38
Pomacanthus maculosus,50
Pomacanthus paru,40
Pomacanthus semicirculatus,35
Pomacanthus xanthometopon,38
Pomacentridae,
Abudefduf saxatilis,23
Abudefduf taurus,25
Chromis bermudae,8.5
Chromis cyanea,15
Chromis enchrysurus,10
Chromis insolata,16
Chromis jubauna,9.6
Chromis multilineata,20
Chromis scotti,10
Chromis vanbebberae,13.5
Dascyllus aruanus,10
Dascyllus trimaculatus,14
Microspathodon chrysurus,21
Neopomacentrus cyanomos,12.5
Stegastes adustus,10.5
Stegastes diencaeus,12.5
Stegastes leucostictus,12
Stegastes otophorus,13
Stegastes partitus,10
Stegastes pictus,10
Stegastes planifrons,12.5
Stegastes xanthurus,12
Pomatomidae,
Pomatomus saltatrix,130
Potamotrygonidae,
Styracura schmardae,180
Priacanthidae,
Cookeolus japonicus,68
Heteropriacanthus cruentatus,51
Priacanthus arenatus,45
Pristigenys alta,33
Pristidae,
Pristis pectinata,554
Pristis pristis,656
Pristigasteridae,
Chirocentrodon bleekerianus,13
Neoopisthopterus cubanus,11
Odontognathus compressus,17
Odontognathus mucronatus,17.5
Pellona harroweri,22.5
Pristiophoridae,
Pristiophorus schroederi,87
Proscylliidae,
Eridacnis barbouri,35
Pseudocarchariidae,
Pseudocarcharias kamoharai,122
Pseudotriakidae,
Pseudotriakis microdon,296
Rachycentridae,
Rachycentron canadum,200
Rajidae,
Amblyraja radiata,110
Breviraja claramaculata,29.4
Breviraja colesi,40
Breviraja mouldi,41
Breviraja nigriventralis,44
Breviraja spinosa,33
Dactylobatus armatus,32
Dactylobatus clarkii,75
Dipturus bullisi,77
Dipturus garricki,107
Dipturus olseni,65
Dipturus oregoni,144
Dipturus teevani,84
Fenestraja atripinna,29
Fenestraja cubensis,23
Fenestraja ishiyamai,36
Fenestraja plutonia,27
Fenestraja sinusmexicanus,36
Gurgesiella atlantica,49
Leucoraja garmani,57
Leucoraja lentiginosa,44
Leucoraja yucatanensis,30
Malacoraja senta,71
Neoraja carolinensis,29
Rajella bigelowi,55
Rajella fuliginea,45
Rajella purpuriventralis,51
Rostroraja ackleyi,41
Rostroraja bahamensis,54
Rostroraja cervigoni,51
Rostroraja eglanteria,79
Rostroraja texana,54
Regalecidae,
Regalecus glesne,800
Rhincodontidae,
Rhincodon typus,1880
Rhinobatidae,
Pseudobatos lentiginosus,76
Pseudobatos percellens,100
Rhinochimaeridae,
Harriotta raleighana,120
Neoharriotta carri,120
Rhinochimaera atlantica,141
Rhinopteridae,
Rhinoptera bonasus,110
Rhinoptera brasiliensis,104
Scatophagidae,
Scatophagus argus,35
Sciaenidae,
Bairdiella chrysoura,25
Bairdiella ronchus,35
Corvula batabana,25
Corvula sanctaeluciae,26
Ctenosciaena gracilicirrhus,21
Cynoscion acoupa,120
Cynoscion arenarius,64
Cynoscion jamaicensis,50
Cynoscion leiarchus,60
Cynoscion microlepidotus,95
Cynoscion nebulosus,70
Cynoscion nothus,40
Cynoscion regalis,98
Cynoscion similis,60
Cynoscion virescens,95
Equetus lanceolatus,30
Equetus punctatus,25
Isopisthus parvipinnis,30
Larimus breviceps,31
Larimus fasciatus,25
Leiostomus xanthurus,36
Lonchurus elegans,35
Lonchurus lanceolatus,30
Macrodon ancylodon,45
Menticirrhus americanus,60
Menticirrhus littoralis,60
Menticirrhus saxatilis,46
Micropogonias furnieri,90
Micropogonias undulatus,50
Nebris microps,50
Odontoscion dentex,30
Ophioscion gomezi,18
Ophioscion panamensis,25
Ophioscion punctatissimus,25
Paralonchurus brasiliensis,30
Pareques acuminatus,25
Pareques iwamotoi,20
Pareques umbrosus,20
Pogonias cromis,150
Protosciaena bathytatos,31
Protosciaena trewavasae,21
Sciaenops ocellatus,160
Stellifer chaoi,13
Stellifer colonensis,20
Stellifer griseus,20
Stellifer lanceolatus,20
Stellifer magoi,11.5
Stellifer microps,25
Stellifer naso,15
Stellifer rastrifer,25
Stellifer species A,17.5
Stellifer species C,20
Stellifer stellifer,20
Stellifer venezuelae,25
Umbrina broussonnetii,25
Umbrina coroides,35
Umbrina milliae,25
Scomberesocidae,
Scomberesox saurus saurus,85
Scombridae,
Acanthocybium solandri,250
Auxis rochei rochei,55
Auxis thazard thazard,68
Euthynnus alletteratus,122
Katsuwonus pelamis,120
Sarda sarda,102
Scomber colias,65
Scomberomorus brasiliensis,142
Scomberomorus cavalla,184
Scomberomorus maculatus,101
Scomberomorus regalis,89
Thunnus alalunga,152
Thunnus albacares,220
Thunnus atlanticus,120
Thunnus obesus,250
Thunnus thynnus,330
Scombropidae,
Scombrops oculatus,106
Scophthalmidae,
Scophthalmus aquosus,46
Scorpaenidae,
Ectreposebastes imus,20.5
Helicolenus dactylopterus,50
Idiastion kyphos,18.6
Neomerinthe beanorum,19.5
Neomerinthe hemingwayi,40
Phenacoscorpius nebris,8.5
Pontinus castor,46
Pontinus helena,25
Pontinus longispinis,25
Pontinus nematophthalmus,14
Pontinus rathbuni,25
Pterois volitans,45
Scorpaena agassizii,20
Scorpaena albifimbria,9
Scorpaena bergii,10
Scorpaena brachyptera,7.5
Scorpaena brasiliensis,35
Scorpaena calcarata,16
Scorpaena dispar,22.5
Scorpaena elachys,6.4
Scorpaena grandicornis,15
Scorpaena inermis,11
Scorpaena isthmensis,26
Scorpaena plumieri,45
Scorpaenodes barrybrowni,6.4
Scorpaenodes caribbaeus,12
Scorpaenodes tredecimspinosus,6.5
Setarches guentheri,31
Trachyscorpia cristulata,55
Scyliorhinidae,
Apristurus canutus,46
Apristurus laurussonii,72
Apristurus parvipinnis,52
Apristurus riveri,46
Galeus antillensis,46
Galeus arae,33
Galeus cadenati,35
Galeus springeri,53
Parmaturus campechiensis,45
Schroederichthys maculatus,35
Schroederichthys tenuis,47
Scyliorhinus boa,54
Scyliorhinus hesperius,47
Scyliorhinus meadi,72
Scyliorhinus retifer,59
Scyliorhinus torrei,32
Serranidae,
Alphestes afer,33
Anthias asperilinguis,23.5
Anthias hensleyi,24.4
Anthias nicholsi,12.5
Anthias woodsi,52
Baldwinella aureorubens,35
Baldwinella vivanus,25
Bathyanthias cubensis,9.5
Bathyanthias mexicanus,15
Bathyanthias species A,10
Bullisichthys caribbaeus,7
Centropristis ocyurus,30
Centropristis philadelphica,30
Centropristis striata,66
Cephalopholis argus,60
Cephalopholis cruentata,33
Cephalopholis fulva,39
Choranthias tenuis,12.5
Dermatolepis inermis,91
Diplectrum bivittatum,25
Diplectrum formosum,30
Diplectrum radiale,26
Epinephelus adscensionis,62
Epinephelus altivelis,70
Epinephelus guttatus,76
Epinephelus itajara,250
Epinephelus morio,125
Epinephelus ongus,40
Epinephelus striatus,100
Gonioplectrus hispanus,30
Hemanthias leptus,56
Hypoplectrus aberrans,12.3
Hypoplectrus atlahua,13.2
Hypoplectrus castroaguirrei,15
Hypoplectrus chlorurus,15
Hypoplectrus ecosur,15
Hypoplectrus floridae,15
Hypoplectrus gemma,13
Hypoplectrus gummigutta,13
Hypoplectrus guttavarius,15
Hypoplectrus indigo,16.1
Hypoplectrus liberte,11
Hypoplectrus maculiferus,13
Hypoplectrus maya,13
Hypoplectrus nigricans,15.3
Hypoplectrus providencianus,13
Hypoplectrus puella,16.7
Hypoplectrus randallorum,13
Hypoplectrus species 1,13
Hypoplectrus unicolor,13
Hyporthodus drummondhayi,110
Hyporthodus flavolimbatus,115
Hyporthodus mystacinus,115
Hyporthodus nigritus,235
Hyporthodus niveatus,122
Jeboehlkia gladifer,7.8
Liopropoma aberrans,13.5
Liopropoma carmabi,4.8
Liopropoma eukrines,13
Liopropoma mowbrayi,9
Liopropoma olneyi,10.4
Liopropoma rubre,6
Liopropoma santi,14.3
Mycteroperca acutirostris,80
Mycteroperca bonaci,150
Mycteroperca cidi,114
Mycteroperca interstitialis,84
Mycteroperca microlepis,145
Mycteroperca phenax,107
Mycteroperca tigris,101
Mycteroperca venenosa,100
Paralabrax dewegeri,43
Paranthias furcifer,40
Parasphyraenops atrimanus,10
Parasphyraenops incisus,6.8
Plectranthias garrupellus,10
Plectranthias species A,7
Pronotogrammus martinicensis,24
Pseudogramma gregoryi,7.5
Rypticus bistrispinus,15
Rypticus bornoi,7.5
Rypticus carpenteri,10
Rypticus maculatus,24
Rypticus randalli,21.5
Rypticus saponaceus,35
Rypticus subbifrenatus,18
Schultzea beta,15.5
Serraniculus pumilio,8.6
Serranus annularis,9
Serranus atrobranchus,12
Serranus baldwini,7.4
Serranus chionaraia,6.5
Serranus flaviventris,7.5
Serranus fuscula,22.5
Serranus luciopercanus,15
Serranus maytagi,11.5
Serranus notospilus,15.3
Serranus phoebe,15
Serranus subligarius,10
Serranus tabacarius,22
Serranus tigrinus,12.3
Serranus tortugarum,8
Somniosidae,
Centroscymnus coelolepis,122
Centroscymnus owstonii,120
Somniosus microcephalus,640
Somniosus rostratus,143
Zameus squamulosus,84
Sparidae,
Archosargus probatocephalus,92
Archosargus rhomboidalis,33
Calamus arctifrons,25
Calamus bajonado,68
Calamus calamus,56
Calamus campechanus,21
Calamus cervigoni,20
Calamus leucosteus,46
Calamus nodosus,54
Calamus penna,46
Calamus pennatula,37
Calamus proridens,46
Diplodus argenteus caudimacula,30
Diplodus bermudensis,32
Diplodus holbrookii,46
Lagodon rhomboides,40
Pagrus pagrus,91
Stenotomus caprinus,30
Stenotomus chrysops,46
Sphyraenidae,
Sphyraena barracuda,200
Sphyraena borealis,50
Sphyraena guachancho,50
Sphyrnidae,
Sphyrna gilberti,45
Sphyrna lewini,340
Sphyrna media,150
Sphyrna mokarran,610
Sphyrna tiburo,150
Sphyrna tudes,148
Sphyrna zygaena,400
Squalidae,
Cirrhigaleus asper,118
Squalus acanthias,160
Squalus clarkae,72
Squalus cubensis,110
Squatinidae,
Squatina david,79
Squatina dumeril,152
Stromateidae,
Peprilus burti,25
Peprilus paru,30
Peprilus triacanthus,30
Peprilus xanthurus,29
Symphysanodontidae,
Symphysanodon berryi,25
Symphysanodon mona,11
Symphysanodon octoactinus,16.5
Synaphobranchidae,
Dysomma anguillare,52
Linkenchelys multipora,8.2
Syngnathidae,
Amphelikturus dendriticus,8.1
Anarchopterus criniger,10
Anarchopterus tectus,12.5
Bryx dunckeri,7.5
Bryx randalli,9.3
Cosmocampus albirostris,21
Cosmocampus brachycephalus,12
Cosmocampus elucens,17
Cosmocampus hildebrandi,10
Cosmocampus profundus,20
Halicampus crinitus,15
Hippocampus erectus,17.3
Hippocampus reidi,17.5
Hippocampus zosterae,2.5
Micrognathus erugatus,11.7
Microphis lineatus,19.5
Minyichthys inusitatus,3
Penetopteryx nanus,3.2
Pseudophallus mindii,16
Syngnathus caribbaeus,30
Syngnathus dawsoni,18
Syngnathus floridae,26.5
Syngnathus fuscus,33
Syngnathus louisianae,38.1
Syngnathus makaxi,7
Syngnathus pelagicus,21
Syngnathus scovelli,18.3
Syngnathus springeri,38
Syngnathus texanus,22.5
Synodontidae,
Saurida brasiliensis,17
Saurida caribbaea,15
Saurida normani,45
Saurida suspicio,8.6
Synodus bondi,32
Synodus foetens,43
Synodus intermedius,44
Synodus macrostigmus,25.6
Synodus poeyi,25
Synodus saurus,40
Synodus synodus,33
Trachinocephalus myops,40
Tetraodontidae,
Arothron diadematus,30
Canthigaster figueiredoi,12
Canthigaster jamestyleri,10
Canthigaster rostrata,12
Colomesus psittacus,35
Lagocephalus laevigatus,100
Lagocephalus lagocephalus,61
Sphoeroides dorsalis,17.5
Sphoeroides georgemilleri,12
Sphoeroides greeleyi,17
Sphoeroides maculatus,25.3
Sphoeroides nephelus,26
Sphoeroides pachygaster,46
Sphoeroides parvus,15
Sphoeroides spengleri,16
Sphoeroides testudineus,30
Sphoeroides tyleri,12.5
Sphoeroides yergeri,12
Torpedinidae,
Tetronarce occidentalis,154
Torpedo andersoni,31
Trachichthyidae,
Gephyroberyx darwinii,60
Hoplostethus mediterraneus,58
Hoplostethus occidentalis,21
Triacanthodidae,
Hollardia hollardi,18
Hollardia meadi,10
Johnsonina eriomma,16
Parahollardia lineata,21
Parahollardia schmidti,10
Triakidae,
Mustelus canis,152
Mustelus higmani,65
Mustelus minicanis,57
Mustelus norrisi,98
Mustelus sinusmexicanus,140
Trichiuridae,
Aphanopus carbo,151
Aphanopus intermedius,148
Assurger anzac,225
Benthodesmus simonyi,133
Benthodesmus tenuis,230
Evoxymetopon taeniatus,205
Lepidopus altifrons,68
Trichiurus lepturus,234
Triglidae,
Bellator brachychir,19
Bellator egretta,12
Bellator militaris,16
Bellator ribeiroi,16
Prionotus alatus,20
Prionotus beanii,15
Prionotus carolinus,38
Prionotus evolans,45
Prionotus longispinosus,35
Prionotus martis,18
Prionotus ophryas,20
Prionotus paralatus,18
Prionotus punctatus,20
Prionotus roseus,20
Prionotus rubio,23
Prionotus scitulus,25
Prionotus stearnsi,18
Prionotus tribulus,45
Tripterygiidae,
Enneanectes altivelis,4
Enneanectes atrorus,3.3
Enneanectes boehlkei,4
Enneanectes deloachorum,2.6
Enneanectes flavus,2.6
Enneanectes jordani,4
Enneanectes matador,2.5
Enneanectes quadra,4
Enneanectes wilki,2
Uranoscopidae,
Astroscopus guttatus,55
Astroscopus y-graecum,44
Kathetostoma albigutta,28
Kathetostoma cubana,33
Xenocephalus egregius,33
Urotrygonidae,
Urobatis jamaicensis,70
Urotrygon microphthalmum,30
Urotrygon venezuelae,29
Xiphiidae,
Xiphias gladius,445
Zanclidae,
Zanclus cornutus,30
Zeidae,
Zenopsis conchifer,90
Zeniontidae,
Zenion hololepis,12